{
  "properties": {
    "connectionReferences": {
      "shared_office365": {
        "runtimeSource": "embedded",
        "connection": {
          "connectionReferenceLogicalName": "new_sharedoffice365_3dcce"
        },
        "api": {
          "name": "shared_office365"
        }
      },
      "shared_commondataserviceforapps": {
        "runtimeSource": "embedded",
        "connection": {
          "connectionReferenceLogicalName": "new_sharedcommondataserviceforapps_0e965"
        },
        "api": {
          "name": "shared_commondataserviceforapps"
        }
      },
      "shared_approvals": {
        "runtimeSource": "embedded",
        "connection": {
          "connectionReferenceLogicalName": "new_sharedapprovals_6c6f2"
        },
        "api": {
          "name": "shared_approvals"
        }
      },
      "shared_uiflow": {
        "runtimeSource": "embedded",
        "connection": {
          "connectionReferenceLogicalName": "new_shareduiflow_86cde"
        },
        "api": {
          "name": "shared_uiflow"
        }
      },
      "shared_teams": {
        "runtimeSource": "embedded",
        "connection": {
          "connectionReferenceLogicalName": "new_sharedteams_1708e"
        },
        "api": {
          "name": "shared_teams"
        }
      }
    },
    "definition": {
      "$schema": "https://schema.management.azure.com/providers/Microsoft.Logic/schemas/2016-06-01/workflowdefinition.json#",
      "contentVersion": "1.0.0.0",
      "parameters": {
        "$connections": {
          "defaultValue": {},
          "type": "Object"
        },
        "$authentication": {
          "defaultValue": {},
          "type": "SecureObject"
        }
      },
      "triggers": {
        "When_a_new_email_arrives_(V3)": {
          "splitOn": "@triggerOutputs()?['body/value']",
          "metadata": {
            "operationMetadataId": "aa31f508-ad56-444f-bd31-8db171f75340"
          },
          "type": "OpenApiConnectionNotification",
          "inputs": {
            "host": {
              "connectionName": "shared_office365",
              "operationId": "OnNewEmailV3",
              "apiId": "/providers/Microsoft.PowerApps/apis/shared_office365"
            },
            "parameters": {
              "folderPath": "Inbox",
              "includeAttachments": true,
              "subjectFilter": "Device Invoice",
              "importance": "Any",
              "fetchOnlyWithAttachment": true
            },
            "authentication": "@parameters('$authentication')"
          }
        }
      },
      "actions": {
        "Apply_to_each": {
          "foreach": "@triggerOutputs()?['body/attachments']",
          "actions": {
            "Extract_information_from_documents": {
              "runAfter": {},
              "metadata": {
                "operationMetadataId": "7ce90b9e-56cf-4e97-b445-fd65957c2d2d"
              },
              "type": "OpenApiConnection",
              "inputs": {
                "host": {
                  "connectionName": "shared_commondataserviceforapps",
                  "operationId": "aibuilderpredict_formsprocessing",
                  "apiId": "/providers/Microsoft.PowerApps/apis/shared_commondataserviceforapps"
                },
                "parameters": {
                  "recordId": "18fa95a6-e3cc-4c0e-be0e-72f144c15631",
                  "item/requestv2/mimeType": "application/pdf",
                  "item/requestv2/base64Encoded": "@items('Apply_to_each')?['contentBytes']"
                },
                "authentication": "@parameters('$authentication')"
              }
            },
            "Start_and_wait_for_an_approval": {
              "runAfter": {
                "Extract_information_from_documents": [
                  "Succeeded"
                ]
              },
              "metadata": {
                "operationMetadataId": "0c2940fc-1082-4fc2-99db-7ccf21c443d1"
              },
              "type": "OpenApiConnectionWebhook",
              "inputs": {
                "host": {
                  "connectionName": "shared_approvals",
                  "operationId": "StartAndWaitForAnApproval",
                  "apiId": "/providers/Microsoft.PowerApps/apis/shared_approvals"
                },
                "parameters": {
                  "approvalType": "Basic",
                  "WebhookApprovalCreationInput/title": "Una nueva orden de compra ha sido recibida",
                  "WebhookApprovalCreationInput/assignedTo": "admin@M365x47302917.onmicrosoft.com;",
                  "WebhookApprovalCreationInput/details": "- **Device name:** @{outputs('Extract_information_from_documents')?['body/responsev2/predictionOutput/labels/Name/value']}\n- **Price:** @{outputs('Extract_information_from_documents')?['body/responsev2/predictionOutput/labels/Price/value']}\n- **Memory:** @{outputs('Extract_information_from_documents')?['body/responsev2/predictionOutput/labels/Memory/value']}\n- **Storage:** @{outputs('Extract_information_from_documents')?['body/responsev2/predictionOutput/labels/Storage/value']}",
                  "WebhookApprovalCreationInput/enableNotifications": true,
                  "WebhookApprovalCreationInput/enableReassignment": true
                },
                "authentication": "@parameters('$authentication')"
              }
            },
            "Condition": {
              "actions": {
                "Run_a_flow_built_with_Power_Automate_for_desktop": {
                  "runAfter": {},
                  "metadata": {
                    "operationMetadataId": "164f27f7-3da8-4d05-90c8-a0c1c75b82e1"
                  },
                  "type": "OpenApiConnection",
                  "inputs": {
                    "host": {
                      "connectionName": "shared_uiflow",
                      "operationId": "RunUIFlow_V2",
                      "apiId": "/providers/Microsoft.PowerApps/apis/shared_uiflow"
                    },
                    "parameters": {
                      "uiFlowId": "ceba5021-b852-47a7-8ef4-2dc9762d6ac0",
                      "runMode": "attended",
                      "item/vName": "@outputs('Extract_information_from_documents')?['body/responsev2/predictionOutput/labels/Name/value']",
                      "item/vPrice": "@outputs('Extract_information_from_documents')?['body/responsev2/predictionOutput/labels/Price/value']",
                      "item/vStorage": "@outputs('Extract_information_from_documents')?['body/responsev2/predictionOutput/labels/Storage/value']",
                      "item/vMemory": "@outputs('Extract_information_from_documents')?['body/responsev2/predictionOutput/labels/Memory/value']"
                    },
                    "authentication": "@parameters('$authentication')"
                  }
                },
                "Condition_2": {
                  "actions": {
                    "Post_message_in_a_chat_or_channel": {
                      "runAfter": {},
                      "metadata": {
                        "operationMetadataId": "40b4d1de-f6a9-4cf3-83d2-a53dffeceb59"
                      },
                      "type": "OpenApiConnection",
                      "inputs": {
                        "host": {
                          "connectionName": "shared_teams",
                          "operationId": "PostMessageToConversation",
                          "apiId": "/providers/Microsoft.PowerApps/apis/shared_teams"
                        },
                        "parameters": {
                          "poster": "Flow bot",
                          "location": "Channel",
                          "body/recipient/groupId": "467ef113-2a84-46fd-9312-3e6b12a3db8a",
                          "body/recipient/channelId": "19:YQv2LOL5tspPe2ImC9k0zXPA0RkE3fsNYfdYyxCatEc1@thread.tacv2",
                          "body/messageBody": "<p>Una nueva orden de compra fue registrada en el sistema de forma exitosa:</p>\n<ul>\n  <li><strong>Nombre del dispositivo:</strong> @{outputs('Extract_information_from_documents')?['body/responsev2/predictionOutput/labels/Name/value']}</li>\n  <li><strong>Precio:</strong> @{outputs('Extract_information_from_documents')?['body/responsev2/predictionOutput/labels/Price/value']}</li>\n  <li><strong>&nbsp;Memoria: </strong>@{outputs('Extract_information_from_documents')?['body/responsev2/predictionOutput/labels/Memory/value']}</li>\n  <li><strong>Almacenamiento: </strong>@{outputs('Extract_information_from_documents')?['body/responsev2/predictionOutput/labels/Storage/value']}</li>\n</ul>"
                        },
                        "authentication": "@parameters('$authentication')"
                      }
                    }
                  },
                  "runAfter": {
                    "Run_a_flow_built_with_Power_Automate_for_desktop": [
                      "Succeeded"
                    ]
                  },
                  "expression": {
                    "equals": [
                      "@outputs('Run_a_flow_built_with_Power_Automate_for_desktop')?['body/vPADStatus']",
                      "Completed"
                    ]
                  },
                  "metadata": {
                    "operationMetadataId": "c472aa62-60b8-4877-80da-e2f1de960ec2"
                  },
                  "type": "If"
                }
              },
              "runAfter": {
                "Start_and_wait_for_an_approval": [
                  "Succeeded"
                ]
              },
              "expression": {
                "equals": [
                  "@outputs('Start_and_wait_for_an_approval')?['body/outcome']",
                  "Approve"
                ]
              },
              "metadata": {
                "operationMetadataId": "507357bc-b3ad-4191-a8d6-eecb5c85b23e"
              },
              "type": "If"
            }
          },
          "runAfter": {},
          "metadata": {
            "operationMetadataId": "5886801e-53bd-4476-aba8-d35bb0049f7d"
          },
          "type": "Foreach"
        }
      }
    },
    "templateName": null
  },
  "schemaVersion": "1.0.0.0"
}